id,first_name,last_name,age,gender,address,email,password,access,teacher_image,created_at
1,John,Smith,45,Male,123 Maple St,jsmith1@example.com,Password123,teacher,,
2,Emily,Johnson,34,Female,456 Oak Ave,ejohnson2@example.com,Password123,teacher,,
3,Michael,Williams,50,Male,789 Pine Rd,mwilliams3@example.com,Password123,admin,,
4,Sarah,Brown,29,Female,321 Elm St,sbrown4@example.com,Password123,teacher,,
5,David,Jones,38,Male,654 Birch Ln,djones5@example.com,Password123,teacher,,
6,Laura,Miller,41,Female,987 Cedar Dr,lmiller6@example.com,Password123,admin,,
7,James,Davis,60,Male,135 Spruce Ct,jdavis7@example.com,Password123,teacher,,
8,Ashley,Garcia,27,Female,246 Walnut St,agarcia8@example.com,Password123,teacher,,
9,Robert,Martinez,53,Male,369 Cherry Blvd,rmartinez9@example.com,Password123,teacher,,
10,Linda,Hernandez,36,Female,159 Aspen Way,lhernandez10@example.com,Password123,admin,,
11,William,Lopez,44,Male,753 Willow Ave,wlopez11@example.com,Password123,teacher,,
12,Jessica,Gonzalez,31,Female,852 Poplar St,jgonzalez12@example.com,Password123,teacher,,
13,Christopher,Wilson,39,Male,951 Hemlock Dr,cwilson13@example.com,Password123,teacher,,
14,Karen,Anderson,48,Female,147 Fir Ct,kanderson14@example.com,Password123,admin,,
15,Daniel,Thomas,26,Male,258 Palm St,dthomas15@example.com,Password123,teacher,,
16,Amanda,Taylor,33,Female,369 Sycamore Ave,ataylor16@example.com,Password123,teacher,,
17,Matthew,Moore,52,Male,471 Beech Dr,mmoore17@example.com,Password123,teacher,,
18,Nicole,Jackson,40,Female,582 Magnolia Blvd,njackson18@example.com,Password123,teacher,,
19,Joshua,White,28,Male,693 Redwood St,jwhite19@example.com,Password123,teacher,,
20,Melissa,Harris,46,Female,804 Dogwood Ln,mharris20@example.com,Password123,admin,,
